,type,total km,total kWh,total CO2 [g],fix costs,total variable costs
0,default_vehtype,864.3478049999999,4.321739024999999,484.03477079999993,2500.0,21609.0
1,default_vehtype,810.1725989999999,4.050862994999999,453.6966554399999,2500.0,20254.0
2,default_vehtype,710.5184469999999,3.552592234999999,397.8903303199999,2500.0,17763.0
3,default_vehtype,692.9963270000001,3.464981635,388.07794312,2500.0,17325.0
4,default_vehtype,686.072663,3.430363315,384.20069128,2500.0,17152.0
